Wcoh,m_eff_est
30.0,50.23255813953481
50.0,22.268041237113394
80.0,14.733969986357422
120.0,3.925845147219191
180.0,1.5873015873015868
260.0,0.8276496283240096
